{
  "runtimeOptions": {
    "tfm": "net6.0",
    "frameworks": [
      {
        "name": "Microsoft.NETCore.App",
        "version": "6.0.0"
      },
      {
        "name": "Microsoft.WindowsDesktop.App",
        "version": "6.0.0"
      }
    ],
    "additionalProbingPaths": [
      "C:\\Users\\thoma\\.dotnet\\store\\|arch|\\|tfm|",
      "C:\\Users\\thoma\\.nuget\\packages"
    ],
    "configProperties": {
      "System.Reflection.Metadata.MetadataUpdater.IsSupported": false,
      "Microsoft.NETCore.DotNetHostPolicy.SetAppPaths": true
    }
  }
}